<?xml version="1.0" encoding="UTF-8"?>
<addon id="skin.cosmic" version="2.0.9" name="Cosmic" provider-name="heppen">
  <requires>
    <import addon="xbmc.gui" version="5.14.0"/>
    <import addon="script.skinshortcuts"/>
    <import addon="script.skinhelper"/>
    <import addon="plugin.video.themoviedb.helper"/>
  </requires>
  <extension point="xbmc.gui.skin" debugging="false">
    <res width="1920" height="1080" aspect="16:9" default="true" folder="xml"/>
  </extension>
  <extension point="xbmc.addon.metadata">
    <news>2.0.X - Totally revisided version. Many bugs may appear, please report them.</news>
    <summary lang="en_GB">Simple, lightweight and innovative skin by heppen.</summary>
    <summary lang="pl_PL">Prosta, lekka i innowacyjna skórka autorstwa heppen.</summary>
    <description lang="en_GB">The skin is designed to allow the user to focus on media consumption. It provides many innovative solutions that every movie lover will appreciate.</description>
    <description lang="pl_PL">Skórka została zaprojektowana, aby użytkownik mógł skupić się na konsumpcji mediów. Udostępnia wiele innowacyjnych rozwiązań, które doceni każdy kinoman.</description>
    <platform>all</platform>
    <license>Creative Commons Attribution Non-Commercial Share-Alike 4.0</license>
    <forum>https://forum.kodi.tv/showthread.php?tid=363714</forum>
    <source>https://github.com/heppen7/skin.cosmic</source>
    <assets>
      <icon>resources/icon.png</icon>
      <fanart>resources/fanart.jpg</fanart>
      <screenshot>resources/screenshot-01.jpg</screenshot>
      <screenshot>resources/screenshot-02.jpg</screenshot>
      <screenshot>resources/screenshot-03.jpg</screenshot>
      <screenshot>resources/screenshot-04.jpg</screenshot>
      <screenshot>resources/screenshot-05.jpg</screenshot>
      <screenshot>resources/screenshot-06.jpg</screenshot>
    </assets>
  </extension>
</addon>
